source,text,created_at,retweet_count,favorite_count,is_retweet,id_str
Twitter for iPad,Great parade in The Villages- I love you all. We will #MAGA. Thank you for the incredible support-I will not forget! https://t.co/5qTDijU3hn,09-16-2016 21:01:27,9977,28908,false,776888753499561984
Twitter for iPhone,I am truly honored and grateful for receiving SO much support from our American heroes...https://t.co/S9bvbysiOr https://t.co/JJQncd3zhf,09-16-2016 17:58:14,10271,26351,false,776842647294009344
Twitter for Android,I am now going to the brand new Trump International Hotel D.C. for a major statement.,09-16-2016 13:23:00,6489,25971,false,776773380414537728
Twitter for iPad,Thank you for a great evening - Laconia New Hampshire -- will be back soon! #AmericaFirsthttps://t.co/3KWOl2ibaW https://t.co/QWbYm2lY7B,09-16-2016 03:31:28,5757,17963,false,776624517087133696
Twitter for Android,"@AK_TWEET: #TheDonald's hair gets the #JimmyFallon treatment on #TheTonightShow #TrumpPence16 https://t.co/0RRPbfIgXH"  So true!,09-16-2016 02:43:07,4323,15028,false,776612349079855104
Twitter for Android,"@jimmyfallon: Tonight: @realDonaldTrump @normmacdonald a performance by Kiiaraand your funniest #MyTeacherIsWeird tweets. #FallonTonight,09-16-2016 02:37:51,2473,10205,false,776611024996823040
Twitter for iPhone,Instead of driving jobs and wealth away AMERICA will become the WORLD'S great magnet for innovation &amp; job creation! https://t.co/cvu20ZQSVJ,09-15-2016 22:46:11,10533,28147,false,776552722195705857
Twitter for iPhone,Will be joining @jimmyfallon on @FallonTonight at 11:35pmE tonight. Enjoy!,09-15-2016 22:41:13,3902,13976,false,776551473475887104
Twitter for iPhone,RT @EricTrump: What a scary statistic! Americans are working harder and making less! We need competent leadership! https://t.co/jcGCbVOf6v,09-15-2016 22:23:48,10079,0,true,776547091816517632
Twitter for iPhone,I will be interviewed by @jessebwatters on @oreillyfactor tonight at 8pm. Enjoy!,09-15-2016 21:11:47,3605,13376,false,776528966668652544
Twitter for iPhone,Full transcript of economic plan- delivered to the Economic Club of New York. #MAGA https://t.co/xiu9AUiSSD https://t.co/Fsy1diPWjU,09-15-2016 17:12:03,5991,15695,false,776468635955130368
Twitter for iPhone,Thank you @JerryJrFalwell! https://t.co/jzUQxkW4tB,09-15-2016 15:39:10,3343,10769,false,776445262420123648
Twitter for iPhone,Thank you to all of our law enforcement officers - across America! #LESM #MAGA https://t.co/Mcbc2JzhN2 https://t.co/4MTmR8kXVb,09-15-2016 14:50:08,8605,23284,false,776432922450616320
Twitter for iPhone,Thank you for having me! I enjoyed the tour and spending time with everyone. See you soon. #MAGA https://t.co/eNtS7IBPDo,09-15-2016 14:34:13,3643,12773,false,776428916303138816
Twitter for Android,Will be on @foxandfriends at 7:00 A.M. Enjoy!,09-15-2016 10:48:25,2087,10724,false,776372090068955136
Twitter for Android,"@ghfanlovessonny: @realDonaldTrump you have my vote in Pennsylvania. Trump 2016" Thank you!,09-15-2016 04:04:14,3440,13803,false,776270376846422017
Twitter for Android,I was never a fan of Colin Powell after his weak understanding of weapons of mass destruction in Iraq = disaster. We can do much better!,09-15-2016 03:59:01,7725,26857,false,776269061823074304
Twitter for iPhone,I will be interviewed on @foxandfriends tomorrow at 7am. Enjoy!,09-15-2016 03:00:37,2990,12309,false,776254365627719680
Twitter for iPhone,Great poll out of Nevada- thank you! See you soon. #MAGA #AmericaFirsthttps://t.co/3KWOl2ibaW https://t.co/27sR3MjjXc,09-15-2016 02:33:39,6519,19444,false,776247579600453632
Twitter for iPhone,Great evening in Canton Ohio-thank you! We are going to MAKE AMERICA GREAT AGAIN! Join us: https://t.co/3KWOl2ibaW https://t.co/4MvwUj9eX9,09-15-2016 00:57:20,6137,18778,false,776223340595937280
Twitter for iPhone,Honor to have been interviewed by the very wonderful @bishopwtjackson in Detroit last week - tune in at 9pmE. Enjoy! https://t.co/9ahPnfhQ5N,09-15-2016 00:16:21,3863,12900,false,776213027989426176
Twitter for iPhone,Thank you Ohio! Just landed in Canton for a rally at the Civic Center. Join me at 7pm: https://t.co/s0XVVNyBKf https://t.co/UtCRxykurW,09-14-2016 21:24:01,7996,23750,false,776169656080039936
Twitter for iPhone,Thank you Florida- can't wait to see you Friday in Miami! Join me:https://t.co/rsx313493u https://t.co/JxsWXz05T9,09-14-2016 20:46:23,7126,19706,false,776160185337413632
Twitter for iPhone,Thank you @ATFD17! #ImWithYouVideo: https://t.co/z9Yg83VTF4,09-14-2016 16:54:41,2682,9193,false,776101877805158400
Twitter for iPhone,Great poll Florida - thank you! #ImWithYou #AmericaFirst https://t.co/6Odle7j1hd,09-14-2016 14:02:28,11392,33115,false,776058538137452548
Twitter for iPhone,Thank you Ohio - see you tonight! https://t.co/0DyHkzzWvj,09-14-2016 13:44:02,7567,22539,false,776053900780695553
Twitter for Android,Russia took Crimea during the so-called Obama years. Who wouldn't know this and why does Obama get a free pass?,09-14-2016 03:21:34,7974,22310,false,775897251533160448
Twitter for Android,Why isn't President Obama working instead of campaigning for Hillary Clinton?,09-14-2016 03:09:37,24281,60937,false,775894243143483392
Twitter for iPhone,Thank you Rep. @CynthiaLummis!https://t.co/4S4pnx4Q6r https://t.co/PLUKlsPXPR,09-14-2016 02:47:14,4100,11923,false,775888611615080448
Twitter for iPhone,Thank you Rep. @MarshaBlackburn!https://t.co/vxEk0X4ntS https://t.co/9gAk0FWqZ8,09-14-2016 02:44:55,4013,11657,false,775888025213599744
Twitter for iPhone,Thank you @RepReneeEllmers!https://t.co/1DrZpfa6je https://t.co/rzEw8pQhds,09-14-2016 02:43:01,3720,10950,false,775887550506536960
Twitter for iPhone,RT @LouDobbs: Trump outlines new child-care policy proposals via the @FoxNews App @realDonaldTrump seems a candidate of destiny https://t.c…,09-14-2016 02:40:12,3782,0,true,775886838502481921
Twitter for iPhone,CHILD CARE REFORMS THAT WILL MAKE AMERICA GREAT AGAIN!Transcript: https://t.co/rntyxBSb9Jhttps://t.co/5SWmxfVfto https://t.co/j389Quo4bg,09-14-2016 02:24:59,7400,18504,false,775883010508029953
Twitter for iPhone,RT @IvankaTrump: Ivanka penned an Op-Ed that ran in the @WSJ this afternoon read it here. https://t.co/3QE4nRXzLZ @realDonaldTrump https:/…,09-13-2016 22:42:08,4357,0,true,775826926560608256
Twitter for iPhone,#ImWithYou #AmericaFirst https://t.co/Ne4pI7FyU7,09-13-2016 22:09:30,10830,22526,false,775818716596477952
Twitter for iPhone,RT @IvankaTrump: Ivanka is joining @realDonaldTrump to outline an innovative new child care policy to support American families. Tune in to…,09-13-2016 20:04:31,4158,0,true,775787262869180417
Twitter for iPhone,Thank you Clive Iowa!https://t.co/tuZ35BkD9J,09-13-2016 19:40:53,2851,11283,false,775781315081740289
Twitter for iPhone,Join us today! Together we will #MakeAmericaGreatAgain!https://t.co/v40n8RXgti https://t.co/e3KQfBR2K8,09-13-2016 15:00:23,5169,15427,false,775710725926952961
Twitter for iPhone,Heading to Iowa- join me today at noon! #MakeAmericaGreatAgainTickets: https://t.co/TEY6BbCyxt https://t.co/QyR2MDYYbZ,09-13-2016 13:14:02,4123,14294,false,775683959061708800
Twitter for iPhone,Join me in Clive Iowa tomorrow at noon! #AmericaFirst #MAGATickets: https://t.co/TEY6BbCyxt https://t.co/l17uzRPyLs,09-13-2016 03:19:53,4138,13484,false,775534440240013312
Twitter for Android,"@brimyers813: Saw ur speech on Twitter. U give me hope and optimism. I feel as though I am in the room with u. I pray 4 ur/our success.",09-13-2016 00:49:01,5210,19240,false,775496470816514048
Twitter for Android,Just got back from Asheville  North Carolina where we had a massive rally. The spirit of the crowd was unbelievable. Thank you!  #MAGA,09-13-2016 00:35:11,7942,31165,false,775492989175160836
Twitter for iPhone,Stopped by @TrumpDC to thank all of the tremendous men &amp; women for their hard work! https://t.co/oGcJL4N454,09-12-2016 15:51:45,9292,31164,false,775361266001084416
Twitter for Android,Will be on @CNBC at @7:22. Enjoy!,09-12-2016 11:21:08,2324,11404,false,775293160838819841
Twitter for Android,I will be interviewed on @foxandfriends at 7:00 A.M.,09-12-2016 10:09:36,3091,14656,false,775275158340853760
Twitter for iPhone,#NeverForgethttps://t.co/G5TMAUzy0z,09-11-2016 17:34:30,11562,26514,false,775024731883991040
Twitter for Android,The seriously failing @nytimes despite so much winning and poll numbers that will soon put me in first place only writes dishonest hits!,09-11-2016 01:14:10,7870,27717,false,774778026479513600
Twitter for Android,Hillary Clinton just had her 47% moment. What a terrible thing she said about so many great Americans!,09-10-2016 23:37:06,15323,44397,false,774753598970466304
Twitter for iPhone,RT @BarackObama: RT if you agree: We need a President who is fighting for all Americans not one who writes off nearly half the country.,09-10-2016 20:46:30,27081,0,true,774710663373520897
Twitter for Android,While Hillary said horrible things about my supporters and while many of her supporters will never vote for me I still respect them all!,09-10-2016 18:18:37,25240,69623,false,774673449885192192
Twitter for Android,Really sad that Republicans would allow themselves to be used in a Clinton ad. Lindsey Graham Romney Flake Sass. SUPREME COURT REMEMBER!,09-10-2016 15:54:27,12017,35453,false,774637168769830912
Twitter for Android,Wow Hillary Clinton was SO INSULTING to my supporters millions of amazing hard working people. I think it will cost her at the Polls!,09-10-2016 12:47:18,21422,60468,false,774590070355529728
Twitter for Android,Will be in Missouri today with Melania for the funeral of a wonderful and truly respected woman Phyllis S!,09-10-2016 12:43:08,5929,23940,false,774589019929866240
Twitter for Android,"@Stvzbnk: Just Watched @tonyschwartz. Obviously Tony is a Total Whack Job @realDonaldTrump",09-10-2016 12:30:40,2402,10174,false,774585883165093888
Twitter for Android,Just returned from Pensacola Florida where the crowd was incredible.,09-10-2016 06:15:08,4706,20679,false,774491376906100736
Twitter for Android,I havn't seen @tonyschwartz in many years he hardly knows me. Never liked his style. Super lib Crooked H supporter. Irrelevant dope!,09-10-2016 05:57:59,4265,16876,false,774487060384276480
Twitter for Android,Dummy writer @tonyschwartz who wanted to do a second book with me for years (I said no) is now a hostile basket case who feels jilted!,09-10-2016 05:47:11,4348,16313,false,774484342030602240
Twitter for iPhone,Thank you Florida - we are going to MAKE AMERICA GREAT AGAIN! Join us: https://t.co/3KWOl2ibaW. #AmericaFirst https://t.co/vzKtRxzvwv,09-10-2016 02:31:43,6907,19802,false,774435151975747584
Twitter for iPhone,Will be delivering a major speech tonight - live on @oreillyfactor at 8:10pm from Pensacola Florida.,09-10-2016 00:11:22,3537,14345,false,774399833733947393
Twitter for iPhone,Thank you Ohio. Together we will MAKE AMERICA GREAT AGAIN!https://t.co/3KWOl20zMm https://t.co/n026nE4XIp,09-09-2016 23:19:33,8395,22363,false,774386793038778368
Twitter for iPhone,Great honor to be endorsed by popular &amp; successful @gov_gilmore of VA. A state that I very much want to win-THX Jim! https://t.co/x4Y1TAFHvn,09-09-2016 23:13:34,7667,21452,false,774385288948817920
Twitter for iPhone,MAKE AMERICA GREAT AGAIN!#AmericaFirst #ImWithYou https://t.co/JIlNW7myEN,09-09-2016 21:10:51,9789,21227,false,774354404162039808
Twitter Web Client,Henry McMaster Lt. Governor of South Carolina who endorsed me beat failed @CNN announcer Bakari Sellers so badly. Funny!,09-09-2016 17:32:36,5074,16918,false,774299479155544064
Twitter for iPhone,RT @EricTrump: Join @TeamTrump on Saturday for National Day of Action as we work to #MakeAmericaGreatAgain! https://t.co/hyclkzPoBR https:/…,09-09-2016 16:20:55,4072,0,true,774281441144344576
Twitter Web Client,Jeff Zucker failed @NBC and he is now failing @CNN.,09-09-2016 14:42:56,4445,14327,false,774256782290128896
Twitter Web Client,.@CNN is unwatchable. Their news on me is fiction. Theyare a disgrace to the broadcasting industry and an arm of the Clinton campaign.,09-09-2016 14:37:53,15345,42396,false,774255510191239170
Twitter for Android,The documentary of me that @CNN just aired is a total waste of time. I don't even know many of the people who spoke about me. A joke!,09-09-2016 04:10:49,8075,26229,false,774097705513517057
Twitter for iPhone,Final poll results from NBC on last nights Commander-in-Chief Forum. Thank you! #ImWithYou #MAGA https://t.co/C5ipaxUN7B,09-09-2016 02:00:32,10517,27138,false,774064919633428480
Twitter for iPad,It wasn't Matt Lauer that hurt Hillary last night. It was her very dumb answer about emails &amp; the veteran who said she should be in jail.,09-09-2016 00:39:36,14930,43195,false,774044548293074944
Twitter for iPhone,More poll results from last nights Commander-in-Chief Forum. #AmericaFirst #TrumpTrain https://t.co/FxyBL6fO1h,09-08-2016 23:56:22,10284,25291,false,774033670239760384
Twitter for iPhone,Last nights results - in poll taken by NBC. #AmericaFirst #ImWithYou https://t.co/sCOnny1fl3,09-08-2016 19:52:32,15433,36872,false,773972305642913792
Twitter for iPhone,With Luis Mexico and the United States would have made wonderful deals together - where both Mexico and the US would have benefitted.,09-08-2016 18:17:01,4970,16819,false,773948271140016128
Twitter for iPhone,Mexico has lost a brilliant finance minister and wonderful man who I know is highly respected by President Peña Nieto.,09-08-2016 18:16:25,4833,17080,false,773948120069615616
Twitter for iPhone,Hillary Clinton answered email questions differently last night than she has in the past. She is totally confused. Unfit to serve as #POTUS.,09-08-2016 16:25:36,10450,30344,false,773920230192054272
Twitter Web Client,Hillary just gave a disastrous news conference on the tarmac to make up for poor performance last night. She's being decimated by the media!,09-08-2016 15:17:47,11025,34958,false,773903163296473088
Twitter Web Client,RT @DanScavino: Last nights winner was clear &amp; it will be proven time &amp; time again - lets #MAGA!! Lets WIN!! #TrumpTrain https://t.co/sGqp9…,09-08-2016 15:09:13,7052,0,true,773901007340310528
Twitter for Android,"A rough night for Hillary Clinton"  ABC News.,09-08-2016 12:10:13,8712,28993,false,773855962528620548
Twitter for Android,Wow reviews are in - THANK YOU!,09-08-2016 10:52:27,5140,21672,false,773836389943246848
Twitter for Android,COMING UP @GenFlynn @newtgingrich on @foxandfriends,09-08-2016 10:43:12,2286,10568,false,773834064465920000
Twitter for Android,Thank you to @foxandfriends for the nice reviews of last night.,09-08-2016 10:39:04,3868,16364,false,773833021837438977
Twitter for iPhone,Thank you America - great #CommanderInChiefForum polls! https://t.co/Rcu6KaRGCB,09-08-2016 09:59:36,9464,22802,false,773823089331277824
Twitter for Android,Thank you to our fantastic veterans. The reviews and polls from almost everyone of my Commander-in-Chief presentation were great. Nice!,09-08-2016 04:02:15,9319,36301,false,773733162245582849
Twitter for iPhone,Thank you Peter - if elected I will think big for our country &amp; never let the American people down! #AmericaFirst https://t.co/6Nwu7EMJ9d,09-07-2016 22:07:20,8237,21404,false,773643843476611072
Twitter for iPhone,Wow - thank you Pensacola FL. See you Friday at 7pm -- join me!https://t.co/JCO7Za78tV https://t.co/LYmpRyY0Hq,09-07-2016 20:23:56,6965,21960,false,773617820944961536
Twitter for iPhone,#AmericaFirst! https://t.co/fQGxwAjXD7,09-07-2016 18:12:26,8910,26714,false,773584728276475905
Twitter for iPhone,'Donald Trump leads Hillary Clinton by 19 points among military veteran voters: poll' #AmericaFirst #MAGAhttps://t.co/5FmxGtLkwt,09-07-2016 15:11:59,8453,22299,false,773539317377478657
Twitter for Android,"@adhd_fa:Kudos to @PARISDENNARD for standing up to CNN's attempt to bully you and shout you down for defending @realDonaldTrump #media bias,09-07-2016 04:22:37,5213,16806,false,773375897554526208
Twitter for iPhone,I will be interviewed on @oreillyfactor tonight at 11pmE @FoxNews. Enjoy!,09-07-2016 01:20:48,3037,13009,false,773330142785630208
Twitter for iPhone,Thank you North Carolina- get out &amp; #VoteTrump on 11/8/2016!#MakeAmericaGreatAgain https://t.co/HX2LRYs4Vq,09-07-2016 00:32:58,6414,19012,false,773318106630463488
Twitter for iPad,Great meeting with military spouses in Virginia- joined by @IvankaTrump @LaraLeaTrump @GenFlynn &amp; @MayorRGiuliani. https://t.co/00GNH9nLet,09-06-2016 22:09:01,6535,18886,false,773281879848062976
Twitter for iPhone,Thank you to all of our amazing military families service members and veterans. #ImWithYou https://t.co/RmQJt0Wxcq,09-06-2016 20:02:26,8341,25719,false,773250022045548544
Twitter for iPhone,Join me in Pensacola Florida this Friday at 7pm! #VoteTrump https://t.co/L8Ui56dcrJ https://t.co/0ciDCuoFeO,09-06-2016 17:57:59,4740,13911,false,773218706084290565
Twitter for iPhone,Thank you! #VoteTrump #ImWithYou https://t.co/SCEq9LqTTj,09-06-2016 17:08:51,12467,32983,false,773206341296979972
Twitter Web Client,Mainstream media never covered Hillary’s massive “hacking”or coughing attack yet it is #1 trending. What’s up?,09-06-2016 15:31:09,13967,35683,false,773181751749402624
Twitter for Android,"@Ler: Message for undecided voters: Please wake up and vote DonaldTrump now! Trump/Pence very important save our America before too late!",09-06-2016 13:05:12,6625,19872,false,773145023319867392
Twitter for iPhone,Thank you! #AmericaFirst https://t.co/6v4C8ykDVl,09-06-2016 12:49:02,10522,27827,false,773140953133641729
Twitter for iPhone,As a tribute to the late great Phyllis Schlafly I hope everybody can go out and get her latest book THE CONSERVATIVE CASE FOR TRUMP.,09-06-2016 12:48:02,5632,18405,false,773140702972801024
Twitter for Android,China wouldn't provide a red carpet stairway from Air Force One and then Philippines President calls Obama "the son of a whore." Terrible!,09-06-2016 11:12:11,10894,30760,false,773116580733587456
Twitter for Android,The truly great Phyllis Schlafly who honored me with her strong endorsement for president has passed away at 92. She was very special!,09-06-2016 11:00:56,6980,26150,false,773113752271060992
Twitter for iPhone,Thank you Ohio! #AmericaFirst https://t.co/p68GAJdhwu,09-05-2016 22:46:00,9406,25851,false,772928797419143168
Twitter for iPhone,Heading to Youngstown Ohio now- some great polls. #AmericaFirst https://t.co/cGwDLSOFUt,09-05-2016 18:26:10,10202,25721,false,772863407620034560
Twitter for iPhone,Thank you American Legion Post 610- for hosting @Mike_Pence &amp; I for a roundtable with labor leaders. #LaborDay #MAGA https://t.co/r0cwJlV38L,09-05-2016 16:55:19,5888,18817,false,772840545668493312
Twitter for iPhone,#LaborDay #AmericaFirstVideo: https://t.co/RNl7cfzkmN https://t.co/ZqRtbV4KRI,09-05-2016 14:09:28,5850,15776,false,772798809508372480
Twitter for iPhone,Can you believe that the Chinese would not give Obama the proper stairway to get off his plane - fight on tarmac! https://t.co/FAldS5zZi5,09-05-2016 14:03:05,7687,18749,false,772797202922082304
Twitter for iPhone,President Obama &amp; Putin fail to reach deal on Syria - so what else is new? Obama is not a natural deal maker. Only makes bad deals!,09-05-2016 13:49:00,9578,28395,false,772793658072559616
Twitter for Android,"@OSPREY675: @Miami4Trump I followed you because you are a patriot &amp; support @realDonaldTrump as do I. #MAGA by sticking together.,09-05-2016 03:59:58,3721,13791,false,772645423097995264
Twitter for Android,"@tweak626: I'm at a biker rally in Perry Kansas...and everyone is a @realDonaldTrump fan. Love it.",09-05-2016 03:58:39,4737,17244,false,772645091802480640
Twitter for Android,"@ronnieclemmons: @ChrisCJackson @TakouiS @realDonaldTrump  Trump now leads her by 2 - get real she will lose big",09-05-2016 01:30:36,4406,15418,false,772607833275830272
Twitter for Android,"@lblackvelvet: @realDonaldTrump We need to show Americans that Hillary will KILL our Country !! Vote for Trump !!",09-05-2016 01:28:02,5704,18397,false,772607185851408387
Twitter for Android,"@CherNuna: @realDonaldTrump It defies belief the Web of Lies Hillary is spinning! One excuse after another. Then it's this then it's that.,09-05-2016 01:24:26,4834,15868,false,772606281576280064
Twitter for Android,Lyin' Hillary Clinton told the FBI that she did not know the "C" markings on documents stood for CLASSIFIED. How can this be happening?,09-04-2016 23:49:48,18954,48182,false,772582467601588224
Twitter for Android,To the African-American community: The Democrats have failed you for fifty years high crime poor schools no jobs. I will fix it VOTE "T",09-04-2016 23:26:41,12461,36426,false,772576650718482432
Twitter for Android,The polls are close so Crooked Hillary is getting out of bed and will campaign tomorrow.Why did she hammer 13 devices and acid-wash e-mails?,09-04-2016 23:17:38,13949,35269,false,772574369633763329
Twitter for Android,The Great State of Arizona where I just had a massive rally (amazing people) has a very weak and ineffective Senator Jeff Flake. Sad!,09-04-2016 23:05:24,6079,20799,false,772571293438840832
Twitter for Android,The Republican Party needs strong and committed leaders not weak people such as @JeffFlake if it is going to stop illegal immigration.,09-04-2016 22:05:29,7153,21588,false,772556213313765377
Twitter for iPhone,RT @DanScavino: Doesn't fit the MSM narrative - so they wont share what @realDonaldTrump did for Jesse Jackson in 1999 - so I will! https:/…,09-04-2016 16:35:36,13299,0,true,772473194162905089
Twitter for Android,"@AnneBellar: @realDonaldTrump @CNN CNN is so biased. Never ever watch them. Trump 2016!!",09-04-2016 16:11:27,5759,18549,false,772467120114397184
Twitter for Android,Crooked Hillary's V.P. pick said this morning that I was not aware that Russia took over Crimea. A total lie - and taken over during O term!,09-04-2016 16:04:21,6808,21645,false,772465330740404225
Twitter for Android,Wow the failing @nytimes has not reported properly on Crooked's FBI release. They are at the back of the pack - no longer a credible source,09-04-2016 12:55:58,9424,29035,false,772417922279043073
Twitter for Android,.@CNN is so disgusting in their bias but they are having a hard time promoting Crooked Hillary in light of the new e-mail scandals.,09-03-2016 20:36:39,13924,39850,false,772171469476552704
Twitter for Android,Great visit to Detroit church fantastic reception and all @CNN talks about is a small protest outside. Inside a large and wonderful crowd!,09-03-2016 20:33:36,11780,37141,false,772170704687099904
Twitter for iPhone,I am returning to the Pensacola Bay Center in Florida- Friday 9/9/16 at 7pm. Join me! https://t.co/L8Ui56dcrJ https://t.co/wAePlfS0JL,09-03-2016 20:15:15,6278,18464,false,772166085974130697
Twitter for iPhone,Thank you Great Faith Ministries International Bishop Wayne T. Jackson and Detroit!https://t.co/4Ucx678ZCC,09-03-2016 17:27:53,10884,28153,false,772123965938597888
Twitter for iPad,#ImWithYou https://t.co/I8dHzezmY4,09-03-2016 11:39:03,12458,29169,false,772036179420127232
Twitter for iPhone,#AmericaFirst #ImWithYou https://t.co/Gtl7DyQkzt,09-02-2016 23:35:14,9385,25604,false,771854023544549377
Twitter for iPhone,Great new poll Iowa - thank you!#MakeAmericaGreatAgain #ImWithYou https://t.co/7hupah1RQN,09-02-2016 16:55:57,10161,25028,false,771753541698523136
Twitter for Android,I visited our Trump Tower campaign headquarters last night after returning from Ohio and Arizona and it was packed with great pros - WIN!,09-02-2016 12:35:44,7138,28943,false,771688054344089601
Twitter for Android,People will be very surprised by our ground game on Nov. 8. We have an army of volunteers and people with GREAT SPIRIT! They want to #MAGA!,09-02-2016 12:32:31,9269,28032,false,771687247951298560
Twitter for Android,Just heard that crazy and very dumb @morningmika had a mental breakdown while talking about me on the low ratings @Morning_Joe. Joe a mess!,09-02-2016 12:28:58,5828,20685,false,771686352438042624
Twitter for iPhone,I will be interviewed by @ericbolling tonight at 8pm on the @oreillyfactor. Enjoy!,09-01-2016 22:53:52,3882,15487,false,771481226578460672
Twitter for iPhone,I am promising you a new legacy for America. We're going to create a new American future. Thank you OHIO! #ImWithYou https://t.co/TUgccsxvoy,09-01-2016 17:05:25,9629,28965,false,771393537900503040
Twitter for iPhone,Thank you for having me this morning @AmericanLegion. I enjoyed my time with everyone! #ALConvention2016 https://t.co/19TZEi6EbB,09-01-2016 14:22:26,6264,20032,false,771352519457005568
Twitter for Android,Poll numbers way up - making big progress!,09-01-2016 10:46:44,9908,37264,false,771298236376178688
Twitter for Android,Thank you to @foxandfriends for the great review of the speech on immigration last night. Thank you also to the great people of Arizona!,09-01-2016 10:40:13,6975,28478,false,771296597963661312
Twitter for Android,Mexico will pay for the wall!,09-01-2016 10:31:17,36616,62418,false,771294347501461504
Twitter for iPhone,Under a Trump administration it's called #AmericaFirst! #ImWithYouhttps://t.co/QfHfCQg0Wa,09-01-2016 05:07:04,8581,22960,false,771212757517557760
Twitter for iPhone,Hillary Clinton doesn't have the strength or the stamina to MAKE AMERICA GREAT AGAIN! #AmericaFirsthttps://t.co/G1MuLrjhW9,09-01-2016 05:06:52,6990,20183,false,771212706275741696
Twitter for iPhone,There will be no amnesty!#MakeAmericaGreatAgain #ImWithYouhttps://t.co/vVhzSdCblA,09-01-2016 04:58:53,6376,17672,false,771210697552166913
Twitter for iPhone,Mexico will pay for the wall - 100%!#MakeAmericaGreatAgain #ImWithYouhttps://t.co/pSFuPZz0xP,09-01-2016 04:58:19,10186,21430,false,771210555822477313
Twitter for iPhone,RT @LouDobbs: We are Watching A Leader Who for the First Time in Three Presidencies Will Put America and Americans First! @realDonaldTrump…,09-01-2016 04:40:54,9249,0,true,771206171856207873
Twitter for iPhone,RT @AnnCoulter: I hear Churchill had a nice turn of phrase but Trump's immigration speech is the most magnificent speech ever given.,09-01-2016 04:40:26,8921,0,true,771206056454127616
Twitter for iPhone,Just arrived in Arizona! #ImWithYouhttps://t.co/MT3wW61YS5,09-01-2016 00:57:54,3254,14641,false,771150050940497920
Twitter for Android,Great trip to Mexico today  - wonderful leadership and high quality people! Look forward to our next meeting.,09-01-2016 00:43:00,9988,34936,false,771146302134423552
Twitter for iPhone,Hillary Clinton didn't go to Louisiana and now she didn't go to Mexico. She doesn't have the drive or stamina to MAKE AMERICA GREAT AGAIN!,09-01-2016 00:40:07,20309,56392,false,771145576381427712
Twitter for Android,Former President Vicente Fox who is railing against my visit to Mexico today also invited me when he apologized for using the "f bomb.",08-31-2016 13:07:38,10639,29986,false,770971306766381056
Twitter for iPad,Thank you Washington! Together WE will MAKE AMERICA SAFE AND GREAT AGAIN! #ImWithYou #AmericaFirst https://t.co/CWDQnISYH4,08-31-2016 03:56:43,9467,27490,false,770832664303587328
Twitter for iPhone,I have accepted the invitation of President Enrique Pena Nieto of Mexico and look very much forward to meeting him tomorrow.,08-31-2016 02:33:22,20076,54767,false,770811688966770689
Twitter for iPad,RT @RSBNetwork: We are ALREADY LIVE in Everett WA for the Trump Rally. Come join us- our cameras tonight! #TrumpinEverett https://t.co/R…,08-31-2016 02:17:40,2239,0,true,770807738104328192
Twitter for iPad,RT @DRUDGE_REPORT: REUTERS POLL:  CLINTON TRUMP ALL TIED UP... https://t.co/htCXcTA5T7,08-31-2016 02:14:10,3540,0,true,770806857271091201
Twitter for iPhone,Thank you North Carolina! #MAGA https://t.co/1oWrFnHe0u,08-30-2016 23:54:36,7530,22908,false,770771735092142080
Twitter for iPhone,Thank you America! #MAGAhttps://t.co/FljBVvbwKr https://t.co/ePJW9jLckM,08-30-2016 20:47:05,7869,21603,false,770724546454417408
Twitter for Android,"@meequalsfree: Looking forward to seeing you again! Everett to be a packed house! @realDonaldTrump  @mike_pence",08-30-2016 10:46:19,3272,11993,false,770573355191631873
Twitter for Android,From day one I said that I was going to build a great wall on the SOUTHERN BORDER and much more. Stop illegal immigration. Watch Wednesday!,08-30-2016 10:27:21,11084,33503,false,770568584443539456
Twitter for iPhone,Join me this Thursday in Wilmington Ohio at noon! #ImWithYouTickets: https://t.co/66bfVtIwf1 https://t.co/fDAJl5wVGe,08-30-2016 00:27:21,5043,13973,false,770417590351040513
Twitter for iPhone,Join me this Wednesday in Phoenix Arizona at 6pm! #ImWithYouTickets: https://t.co/1jATILh2k7 https://t.co/VwKnxo1TNQ,08-30-2016 00:15:51,4666,12563,false,770414693869649921
Twitter for iPhone,#MakeAmericaGreatAgain #ImWithYou https://t.co/IoYMdjvWHf,08-29-2016 23:24:42,7691,20184,false,770401822121005056
Twitter for iPad,We will repeal and replace the horrible disaster known as #Obamacare! https://t.co/YzRTPrqrNC,08-29-2016 22:03:53,10409,24661,false,770381482229657602
Twitter for iPhone,#CrookedHillary https://t.co/vXhcC8PaPy,08-29-2016 18:41:49,16254,30357,false,770330631783972868
Twitter for Android,Now that African-Americans are seeing what a bad job Hillary type policy and management has done to the inner-cities they want TRUMP!,08-29-2016 13:35:31,8861,27525,false,770253550639251456
Twitter for Android,Crooked Hillary's brainpower is highly overrated.Probably why her decision making is so bad or as stated by Bernie S she has BAD JUDGEMENT,08-29-2016 13:30:04,7074,22252,false,770252177512230912
Twitter for Android,Does anyone know that Crooked Hillary who tried so hard was unable to pass the Bar Exams in Washington D.C. She was forced to go elsewhere,08-29-2016 13:23:02,10696,29930,false,770250409843777536
Twitter for Android,"@PMNOrlando: @realDonaldTrump I know of NO ONE voting for Crooked Hillary! Her rallies are held in (blank)  &amp; she still has room.,08-29-2016 13:17:47,4230,13633,false,770249086255661056
Twitter for Android,"@RhondaR: Thank-You Clarence Henderson for telling @cnn you know racism &amp; it's not DonaldTrump https://t.co/fSBPxZU8Gu via @BreitbartNews",08-29-2016 13:15:39,6772,15964,false,770248548571021312
Twitter for Android,"@Patrici: Crowd at Trump Rally in Akron Ohio is a Sea of Women Minorities Independents Dems https://t.co/wm7HV8WPGk via @gatewaypundit,08-29-2016 13:14:12,6543,15689,false,770248186241900544
Twitter for Android,Inner-city crime is reaching record levels. African-Americans will vote for Trump because they know I will stop the slaughter going on!,08-29-2016 13:09:52,6747,20722,false,770247094439469058
Twitter for Android,Look how bad it is getting! How much more crime how many more shootings will it take for African-Americans and Latinos to vote Trump=SAFE!,08-29-2016 13:02:47,6931,22030,false,770245313345052673
Twitter for Android,I will be making a major speech on ILLEGAL IMMIGRATION on Wednesday in the GREAT State of Arizona. Big crowds looking for a larger venue.,08-28-2016 23:27:59,10427,32921,false,770040258796855296
Twitter for Android,I think that both candidates Crooked Hillary and myself should release detailed medical records. I have no problem in doing so! Hillary?,08-28-2016 23:24:14,19513,51725,false,770039317142069248
Twitter for iPhone,Today is the 53rd anniversary of the March on Washington - today we honor the enduring fight for justice equality and opportunity.,08-28-2016 22:12:27,8556,28398,false,770021252002119680
Twitter for iPhone,RT @FoxNews: Poll: @realDonaldTrump vs. @HillaryClinton among white Evangelicals. https://t.co/6ohwIh1Q24,08-28-2016 19:29:15,8822,0,true,769980181633204224
Twitter for iPhone,Thank you Arizona! #VoteTrump https://t.co/v8VLxdd0fO,08-28-2016 14:04:46,6175,20739,false,769898524439896064
Twitter for iPhone,Join me Tuesday in Everett Washington at the Xfinity Arena! Tickets: https://t.co/ABQGySdcYt https://t.co/sn08gnd0lq,08-28-2016 14:01:53,4340,12175,false,769897797319532544
Twitter for Android,"@LindaHarden: @realDonaldTrump America loves Trump and @mike_pence -- praying for you every day. Stay strong. #TrumpPence2016 #NeverHillary,08-28-2016 03:37:21,4740,15842,false,769740626497679360
Twitter for iPhone,NATIONAL DEBT January 2009 = $10.6 TRILLIONAugust 2016 = $19.4 TRILLION https://t.co/dKAVaLfGAJ,08-28-2016 02:33:29,12247,22235,false,769724556949020672
Twitter for iPhone,It was an honor to have the amazing Root family join me in Iowa. I have been so inspired by their courage &amp; bravery. https://t.co/P4qVGGUYVZ,08-28-2016 02:08:10,7149,21240,false,769718184836472832
Twitter for iPad,Thank you Iowa! #ImWithYou https://t.co/3BIF6jBTkk,08-27-2016 21:27:08,5834,18927,false,769647461459632128
Twitter for iPad,Just landed in Iowa to attend a great event in honor of wonderful Senator @JoniErnst. Look forward to being with all of my friends.,08-27-2016 18:47:50,4346,17411,false,769607369869266944
Twitter for iPad,My condolences to Dwyane Wade and his family on the loss of Nykea Aldridge. They are in my thoughts and prayers.,08-27-2016 17:48:47,8965,30754,false,769592508879892480
Twitter for iPhone,Dwyane Wade's cousin was just shot and killed walking her baby in Chicago. Just what I have been saying. African-Americans will VOTE TRUMP!,08-27-2016 16:26:08,9197,27299,false,769571710924263424
Twitter for Android,"@GoldJazz559: #BlackMenForBernie Leader: #Hillary2016 ‘No Regard For Black Race’ https://t.co/m8952Ly3Jb via @dailycaller #BlacksForTrump,08-27-2016 15:18:52,4538,10392,false,769554782151331840
Twitter for Android,"@DiamondandSilk: Crooked Hillary getting desperate. On TV bashing Trump. @CNN she forgot how she said a KKK member was her mentor.,08-27-2016 15:10:10,9062,21847,false,769552592158412800
Twitter for Android,Heroin overdoses are taking over our children and others in the MIDWEST. Coming in from our southern border. We need strong border &amp; WALL!,08-27-2016 14:17:14,11366,34127,false,769539271678013440
Twitter for iPhone,New polls - join the MOVEMENT today.https://t.co/3KWOl20zMm #ImWithYou https://t.co/numII7W99T,08-27-2016 00:32:59,11629,26338,false,769331841316687873
Twitter for iPhone,Join us via our new #AmericaFirst APP! #TrumpPence16 https://t.co/FccLQSCkDY https://t.co/0angXB2BrI,08-26-2016 23:59:43,4724,12326,false,769323472048623616
Twitter for iPhone,Will be in Phoenix Arizona on Wednesday. Changing venue to much larger one. Demand is unreal. Polls looking great! #ImWithYou,08-26-2016 23:54:09,7359,22966,false,769322071297888257
Twitter for iPhone,Thank you @TeamTrump Florida. Keep me updated and lets get those 100000 registered voters!#MakeAmericaGreatAgain  https://t.co/lseAAqxjA9,08-26-2016 23:11:22,5043,14266,false,769311305480024065
Twitter for iPhone,I will be interviewed by @kimguilfoyle at 7pm on @FoxNews. #Enjoy!,08-26-2016 22:59:30,2432,10422,false,769308316350623744
Twitter for iPhone,Army training slide lists Hillary Clinton as insider threat: https://t.co/CQTSo2ETJF,08-26-2016 19:26:16,8405,16590,false,769254655939321857
Twitter for iPhone,Meet the ‘Trumpocrats’: Lifelong Democrats Breaking w/ Party Over Hillary to Support Donald Trump for President: https://t.co/g2N3JJWV8a,08-26-2016 19:21:22,7833,18589,false,769253422549786628
Twitter for iPhone,"Hillary Clinton Deleted Emails Using Program Intended To Prevent Recovery" #CrookedHillary https://t.co/D0MeBJXBwN,08-26-2016 19:18:15,8219,15785,false,769252637350866946
Twitter for Android,How quickly people forget that Crooked Hillary called African-American youth "SUPER PREDATORS" - Has she apologized?,08-26-2016 17:14:09,12916,27759,false,769221405820923905
Twitter for Android,I am very proud to have brought the subject of illegal immigration back into the discussion. Such a big problem for our country-I will solve,08-26-2016 16:01:03,8947,31501,false,769203012250112006
Twitter for Android,Wonderful @pastormarkburns was attacked viciously and unfairly on @MSNBC by crazy @morningmika on low ratings @Morning_Joe. Apologize!,08-26-2016 14:50:06,5665,14700,false,769185155198124032
Twitter for Android,What do African-Americans and Hispanics have to lose by going with me. Look at the poverty crime and educational statistics. I will fix it!,08-26-2016 14:20:55,10467,30607,false,769177810678067200
Twitter for Android,Crooked Hillary will NEVER be able to solve the problems of poverty education and safety within the African-American &amp; Hispanic communities,08-26-2016 13:50:42,8939,28139,false,769170204941164544
Twitter for iPhone,The Clinton's are the real predators...https://t.co/Fr0gFtZVVz,08-26-2016 12:05:57,7049,17035,false,769143845892136960
Twitter for Android,"@Lewenskimo: Your opponent has run out of ideas now resorts to personal attacks on you. Every Amercan knows you represent HOPE!!",08-26-2016 03:59:54,5468,17386,false,769021525638930437
Twitter for iPhone,"Hillary Clinton needs to address the racist undertones of her 2008 campaign." #FlashbackFriday https://t.co/MJQp0rcnzH,08-26-2016 02:58:51,16437,31298,false,769006162926669824
Twitter for Android,"@DonaldJTrumpJr: Company Gouging Price Of EpiPens Is A Clinton Foundation Donor And Partner https://t.co/HHlNGnlGMN via dailycaller",08-26-2016 02:47:34,9017,16217,false,769003323856867328
Twitter for Android,"@foxnation: Flashback: Hillary Clinton Praised Former KKK Member Robert Byrd as 'Friend and Mentor': https://t.co/e0Hb2rLb1X",08-26-2016 02:46:34,8333,16407,false,769003073943457792
Twitter for iPhone,CLINTON CORRUPTION AND HER SABOTAGE OF THE INNER CITIES. Full speech transcript: https://t.co/npswT6lbg3,08-26-2016 02:45:11,5168,12793,false,769002724218118144
Twitter for Android,Hillary Clinton only knows how to make a speech when it is a hit on me. No policy and always very short (stamina). Media gives her a pass!,08-26-2016 02:40:04,9267,27016,false,769001435484688384
Twitter for iPhone,HRC is using the oldest play in the Dem playbook- when their policies fail they are left w/this one tired argument!https://t.co/FNbCMmwLTn,08-25-2016 21:25:15,10557,23150,false,768922208987127808
Twitter for iPhone,Hillary Clinton is using race-baiting to try to get African-American voters- but they know she is all talk and NO ACTION!,08-25-2016 20:45:38,10027,28491,false,768912241349517312
Twitter for iPhone,Hillary Clinton's short speech is pandering to the worst instincts in our society. She should be ashamed of herself!,08-25-2016 20:14:20,9434,27738,false,768904362211086336
Twitter for iPhone,Just watched recap of #CrookedHillary's speech. Very short and lies. She is the only one fear-mongering!,08-25-2016 20:11:41,7910,21743,false,768903697166368769
Twitter for Android,So many in the African-American community are doing so badly poverty and crime way up employment and jobs way down: I will fix it promise,08-25-2016 12:44:55,11018,33518,false,768791265811062788
Twitter for Android,Poll numbers are starting to look very good. Leading in Florida @CNN Arizona and big jump in Utah. All numbers rising national way up. Wow!,08-25-2016 12:34:58,10145,33619,false,768788761635356672
Twitter for Android,"@Trump_Videos: .@Nigel_Farage of the #brexit fame - We CAN do this! We can #MAGA with @realDonaldTrump https://t.co/1qyuc8ZykJ",08-25-2016 04:34:00,5107,13184,false,768667720149762048
Twitter for iPhone,Thoughts and prayers to the great people of Indiana. You will prevail!,08-25-2016 01:41:53,7755,26530,false,768624405777944576
Twitter for iPhone,Great Governor @Mike_Pence is in Indiana to help lead the relief efforts after tornadoes struck. True leadership.,08-25-2016 01:40:08,7638,26904,false,768623966713999360
Twitter for iPhone,Will be on #Hannity @ 10pE @FoxNews- discussing various subjects including immigration-if elected we will #BuildTheWall &amp; enforce our laws!,08-25-2016 00:05:24,4369,16726,false,768600125413273600
Twitter for iPhone,Thank you for your support!#AmericaFirst #ImWithYou https://t.co/N8FShwYt2g,08-24-2016 22:39:23,6580,18977,false,768578478266458113
Twitter for iPhone,A great afternoon in Tampa Florida. Thank you! #TrumpPence16 https://t.co/K5MBAcnfR1,08-24-2016 21:32:46,4934,17486,false,768561716149915648
Twitter for iPhone,New national poll released. Join the MOVEMENT &amp; together we will #MakeAmericaGreatAgain! https://t.co/3KWOl2ibaW https://t.co/rnU1fkn274,08-24-2016 17:24:13,6116,17151,false,768499164967739392
Twitter for iPhone,Great new poll Florida - thank you! #MakeAmericaGreatAgain https://t.co/7TKpe388Bc,08-24-2016 16:42:04,7443,20690,false,768488555828183040
Twitter for iPhone,I will not let the families of The Remembrance Project down! #MakeAmericaSafeAgainhttps://t.co/EMuSftG6RPhttps://t.co/FHPR44WixX,08-24-2016 15:19:24,6944,16487,false,768467755339223040
Twitter for iPhone,My thoughts and prayers are with the victims and families of those affected by two powerful earthquakes in Italy and Myanmar.,08-24-2016 14:01:46,8707,34306,false,768448216744488960
Twitter for iPhone,Thank you Travis County Texas!#MakeAmericaGreatAgain https://t.co/ZBnYzNb0eo,08-24-2016 02:56:21,7411,22351,false,768280756682690562
Twitter for iPhone,Will be participating in a Town Hall tonight on @SeanHannity at 10pmE from Austin Texas. Enjoy! https://t.co/8ZBneb0pGk,08-24-2016 00:13:49,5328,19503,false,768239855310471168
Twitter for iPhone,In Austin Texas with some of our amazing Border Patrol Agents. I will not let them down! https://t.co/U28HNPtjm9 https://t.co/7ImVH69fNb,08-23-2016 21:21:59,8553,26141,false,768196613680398336
Twitter for iPhone,Join me in Tampa Florida- tomorrow at 1pmE! Tickets: https://t.co/iwEAiWKgtR https://t.co/lLyaW6nxsP,08-23-2016 16:37:38,4320,13452,false,768125054584393729
Twitter for iPhone,President Obama should have gone to Louisiana days ago instead of golfing. Too little too late!,08-23-2016 16:15:25,13864,41482,false,768119463421943808
Twitter for Android,Hillary Clinton strongly stated  that there was "absolutely no connection" between her private work and that of The State Department. LIE!,08-23-2016 14:46:58,9762,25913,false,768097204376510464
Twitter for Android,It is being reported by virtually everyone and is a fact  that the media pile on against me is the worst in American political history!,08-23-2016 13:53:11,11985,39380,false,768083669550366720
Twitter for Android,I am now in Texas doing a big fundraiser for the Republican Party and a @FoxNews Special on the BORDER and with victims of border crime!,08-23-2016 12:56:46,6723,23259,false,768069472464666624
Twitter for iPhone,The @WashingtonPost quickly put together a hit job book on me- comprised of copies of some of their inaccurate stories. Don't buy boring!,08-23-2016 01:02:19,5625,18406,false,767889674530594816
Twitter for iPhone,.@AnnCoulter's new book 'In Trump We Trust comes out tomorrow. People are saying it's terrific - knowing Ann I am sure it is!,08-23-2016 00:56:51,8242,25062,false,767888297125355521
Twitter for Android,Just leaving Akron Ohio after a packed rally. Amazing people! Going now to Texas.,08-22-2016 23:46:42,5783,24015,false,767870642716831744
Twitter for iPhone,Great meeting with active &amp; retired law enforcement officers- at the Fraternal Order of Police lodge in Akron Ohio. https://t.co/EUWhDC644R,08-22-2016 21:06:42,7972,25179,false,767830376735735808
Twitter for iPhone,Statement on Clinton Foundation:https://t.co/2twuzrB9om,08-22-2016 12:55:40,5846,13390,false,767706807619969025
Twitter for Android,Will be interviewed on @foxandfriends at 8:30 A.M. Eastern. ENJOY!,08-22-2016 12:31:39,2292,10898,false,767700760113086465
Twitter for Android,Some day when things calm down I'll tell the real story of @JoeNBC and his very insecure long-time girlfriend @morningmika. Two clowns!,08-22-2016 11:29:13,7297,21936,false,767685048703279104
Twitter for Android,Tried watching low-rated @Morning_Joe this morning  unwatchable! @morningmika is off the wall a neurotic and not very bright mess!,08-22-2016 11:21:53,4987,16989,false,767683204039974912
Twitter for Android,"@realbill2016: @realDonaldTrump @Brainykid2010 @shl Trump leading LA Times poll https://t.co/908uLXCIWz",08-22-2016 11:06:36,6328,16454,false,767679356466520064
Twitter for Android,"@Brainykid2010: @shl @realDonaldTrump The ad was actually very good!",08-22-2016 01:40:42,2373,9863,false,767536943353696256
Twitter for Android,"@55Lidsville:  #TeamTrump @KellyannePolls You need to show the crowds at the rallies use Periscope! Show HC's 139 YT viewers vs DT 38K",08-22-2016 01:25:00,4195,13396,false,767532993686765569
Twitter for Android,"@SinAbunz_TM: @realDonaldTrump TRUMP VICTORY IN NOVEMBER!  #MAGA #TrumpPence16",08-22-2016 01:23:16,3961,13835,false,767532557235806208
Twitter for Android,"@Jimbos2002:  @Morning_Joe Video: Hillary referring to blacks as super predators that need to be brought to heel. https://t.co/pMIHWayMRw",08-22-2016 01:19:06,8247,15653,false,767531507665756160
Twitter for Android,I heard that @Morning_Joe was very nice on Friday but that little Donny D a big failure in TV (&amp; someone I helped) was nasty. Irrelevant!,08-22-2016 01:08:08,3640,13837,false,767528750749810688
Twitter for Android,Crooked Hillary is flooding the airwaves with false and misleading ads - all paid for by her bosses on Wall Street. Media is protecting her!,08-22-2016 00:33:38,13696,39598,false,767520065608613888
Twitter for Android,I have been drawing very big and enthusiastic crowds but the media refuses to show or discuss them. Something very big is happening!,08-21-2016 23:35:17,12507,39702,false,767505383430782976
Twitter for iPhone,Together we are going to MAKE AMERICA SAFE AND GREAT AGAIN!https://t.co/pUtN4kFhDK,08-21-2016 00:04:28,7783,21661,false,767150340726779904
Twitter for Android,"@EyeCandyTMGayle: @realDonaldTrump please oh please take the CHARLOTTE NC speech ACROSS the swing states .... sooo powerful"  Good!,08-21-2016 00:02:41,5388,18682,false,767149890464018433
Twitter for Android,"@J58golf: @realDonaldTrump been a great week. More of the same will get you in the white house!",08-21-2016 00:02:05,4282,16363,false,767149739418804228
Twitter for iPhone,We will bring America together as ONE country again – united as Americans in common purpose and common dreams. #MAGA,08-20-2016 23:11:51,9837,30399,false,767137098679853056
Twitter for iPhone,Will be back soon Virginia. We are going to MAKE AMERICA GREAT AGAIN! #TrumpPence16 https://t.co/IU4JPSi0rZ,08-20-2016 23:04:02,5632,18269,false,767135128950898689
Twitter for Android,Will be interviewed on @JudgeJeanine at 9:00 P.M. Enjoy!,08-20-2016 23:02:37,3481,13781,false,767134774687330304
Twitter for Android,Just leaving Virginia - really big crowd great enthusiasm!,08-20-2016 22:57:23,3819,17304,false,767133459148054528
Twitter for iPhone,Thank you @JerryJrFalwell- will see you soon. #TrumpPence16 https://t.co/epfSJckcKq,08-20-2016 17:35:11,7214,18837,false,767052374934421506
Twitter for Android,"@CatOnGlass: 200000 new followers for @realDonaldTrump. From 10800000 to 11000000 All in the last ten days or so! #MAGA #AlwaysTrump,08-20-2016 05:02:57,8067,27239,false,766863067858759681
Twitter for iPhone,.@Franklin_Graham @BillyNungesser @SamaritansPurse- so humbled by my time w/ you. You are in our thoughts &amp; prayers. https://t.co/I6xGsEzlwv,08-20-2016 01:14:08,8737,21778,false,766805485466988544
Twitter for iPhone,We are one nation. When one hurts we all hurt. We must all work together-to lift each other up.#StandWithLouisiana https://t.co/Ob7J2oBWhq,08-20-2016 01:00:12,17308,44258,false,766801978085117952
Twitter for iPhone,#WheresHillary? Sleeping!!!!!,08-20-2016 00:17:09,26977,60519,false,766791143291916288
Twitter for iPad,Thank you Michigan. This is a MOVEMENT. We are going to MAKE AMERICA SAFE AND GREAT AGAIN! #TrumpPence16 https://t.co/vP3eqF3Zbb,08-19-2016 22:16:16,9241,29973,false,766760721115938816
Twitter for iPhone,Great job by @EricTrump on interview with @BillHemmer on @FoxNews. #ImWithYou #TrumpTrain,08-19-2016 13:34:54,4094,16386,false,766629517083414528
Twitter for iPhone,Thank you to everyone for all of the nice comments by Twitter pundits and otherwise for my speech last night.,08-19-2016 13:27:10,7582,33303,false,766627569110249472
Twitter for iPhone,The reporting at the failing @nytimes gets worse and worse by the day. Fortunately it is a dying newspaper.,08-19-2016 12:43:37,5721,20652,false,766616610975182848
Twitter for iPhone,Thank you to NC for last evenings great reception. The speech was a great success. Heading now to Louisiana &amp; another speech tonight in MI.,08-19-2016 12:42:38,5763,24211,false,766616361720246272
Twitter for iPhone,We are one nation. When one state hurts we all hurt. We must all work together - to lift each other up. https://t.co/XoDkW5X3Wy,08-19-2016 10:40:15,16536,45140,false,766585563805802497
Twitter for iPhone,Thank you Charlotte North Carolina!#MakeAmericaGreatAgain https://t.co/Y19nUKkYTc,08-19-2016 00:52:35,4742,17440,false,766437671652556800
Twitter for iPhone,Together we will MAKE AMERICA GREAT AGAIN! https://t.co/aENuIvrUrS,08-19-2016 00:33:54,6707,18600,false,766432970441945088
Twitter for iPad,#CrookedHillary #ThrowbackThursday https://t.co/v8J0r64J7h,08-18-2016 20:55:33,27302,46486,false,766378021355921408
Twitter for Android,They will soon be calling me MR. BREXIT!,08-18-2016 12:11:48,17662,38729,false,766246213079498752
Twitter for Android,I will be doing a Town Hall tonight at 10:00 P.M. on @seanhannity - @FoxNews,08-18-2016 01:21:30,3493,14566,false,766082563064623105
Twitter for iPhone,Will be participating in a town hall event- hosted by @SeanHannity tonight at 10pmE on @FoxNews. Enjoy! https://t.co/7nReqYM7FF,08-17-2016 22:25:02,5751,20390,false,766038151206936576
Twitter Web Client,We are going to make this a government of the people once again!#MakeAmericaGreatAgain #ImWithYouhttps://t.co/Fi7yEb2XQb,08-17-2016 21:44:48,9751,24795,false,766028026987491328
Twitter Web Client,We will repeal &amp; replace #Obamacare which has caused soaring double-digit premium increases. It is a disaster! https://t.co/NNMyTJo6i6,08-17-2016 20:05:08,9890,27228,false,766002945485864961
Twitter Web Client,A vote for Hillary Clinton is a vote for another generation of poverty high crime &amp; lost opportunities. #ImWithYouhttps://t.co/Eph6qy7zyB,08-17-2016 16:57:58,15947,37300,false,765955844055760896
Twitter Web Client,#MakeAmericaSafeAgain #ImWithYouhttps://t.co/N9XNoGNcqc,08-17-2016 16:46:57,6060,16440,false,765953073072058368
Twitter for iPhone,Thank you Governor @ScottWalker &amp; @GOP Chairman @Reince Priebus. #MakeAmericaGreatAgain #ImWithYouhttps://t.co/IdJBuaKMwK,08-17-2016 16:36:37,5506,15574,false,765950471160954884
Twitter for iPhone,Join me in North Carolina - tomorrow at 7:30pm! #ImWithYou Tickets: https://t.co/vDag45zrDc,08-17-2016 13:24:41,3585,11121,false,765902170084483073
Twitter for iPhone,#LawandOrder #ImWithYouVideo: https://t.co/AIa2Z9po2h https://t.co/qqSfOfgdap,08-17-2016 04:39:04,5412,15092,false,765769891278381056
Twitter for iPhone,#LawandOrder #ImWithYouTranscript: https://t.co/YlATGI2Ph6,08-17-2016 04:22:01,4381,12439,false,765765603743391744
Twitter for iPhone,Will be on @SeanHannity tonight at 10pmE - delivering an important speech live from Wisconsin. #MakeAmericaGreatAgain,08-17-2016 01:48:16,4078,16141,false,765726909925851136
Twitter for iPhone,Just as we won the Cold War in part by exposing the evils of communism and the virtues of free markets....Cont: https://t.co/SXp7efXEZU,08-16-2016 23:17:18,5864,17099,false,765688915932045313
Twitter for iPhone,This is my pledge to the American people: https://t.co/Jb21oyNfxt,08-16-2016 22:38:57,7639,18464,false,765679267086684161
Twitter for iPhone,'It's just a 2-point race Clinton 38% Trump 36%' https://t.co/EzDzJ4EzIN,08-16-2016 19:22:57,7002,17199,false,765629939811020802
Twitter for iPhone,Another health insurer is pulling back due to 'persistent financial losses on #Obamacare plans.' Only the beginning! https://t.co/YqfaEvg8c3,08-16-2016 18:59:14,9882,21303,false,765623972234948608
Twitter for iPhone,#AmericasMerkel https://t.co/QFRs4bEUC1,08-15-2016 20:28:30,11140,22242,false,765284051938926592
Twitter for iPhone,"CLINTON REFUGEE PLAN COULD BRING IN 620000 REFUGEES IN FIRST TERM AT LIFETIME COST OF OVER $400 BILLION." https://t.co/COZQNt6KVs,08-15-2016 20:26:17,13371,22764,false,765283490887790592
Twitter for iPhone,#MakeAmericaSafeAgain https://t.co/bgBGPaKaqI,08-15-2016 19:29:09,5460,14709,false,765269114973720576
Twitter for Android,Certain Republicans who have lost to me would rather save face by fighting me than see the U.S.Supreme Court get proper appointments. Sad!,08-15-2016 01:34:25,15064,46661,false,764998650598686721
Twitter for Android,"Stay on message" is the chant. I always do - trade jobs military vets 2nd A repeal Ocare borders etc - but media misrepresents!,08-15-2016 00:07:43,12427,36538,false,764976828914237440
Twitter for Android,I have always been the same person-remain true to self.The media wants me to change but it would be very dishonest to supporters to do so!,08-14-2016 23:57:37,12459,40589,false,764974286931169285
Twitter for Android,It is not "freedom of the press" when newspapers and others are allowed to say and write whatever they want even if it is completely false!,08-14-2016 17:06:20,17458,49109,false,764870785634799617
Twitter for Android,I am not only fighting Crooked Hillary I am fighting the dishonest and corrupt media and her government protection process. People get it!,08-14-2016 16:55:07,17987,52008,false,764867963845484545
Twitter for Android,Crooked Hillary Clinton is being protected by the media. She is not a talented person or politician. The dishonest media refuses to expose!,08-14-2016 16:50:51,13623,38643,false,764866887511572480
Twitter for Android,My rallies are not covered properly by the media. They never discuss the real message and never show crowd size or enthusiasm.,08-14-2016 12:46:17,12525,39613,false,764805340823248896
Twitter for Android,If the disgusting and corrupt media covered me honestly and didn't put false meaning into the words I say I would be beating Hillary by 20%,08-14-2016 12:37:37,16545,49174,false,764803159692836864
Twitter for Android,The failing @nytimes which never spoke to me keeps saying that I am saying to advisers that I will change. False I am who I am-never said,08-14-2016 12:31:23,7742,24652,false,764801590415024128
Twitter for Android,The failing @nytimes talks about anonymous sources and meetings that never happened. Their reporting is fiction. The media protects Hillary!,08-14-2016 12:24:48,9357,28142,false,764799933325144064
Twitter for Android,"@zulu_out: You are a man for the people because you know what it is like to be among the people #MakeAmericaGreatAgain #USA Loves U" Thanks,08-13-2016 20:08:01,4977,18042,false,764554121324204033
Twitter for Android,"@PaulaDuvall2: We're all enjoying you as well Mr. T.! You've inspired Hope and a Positive Spirit throughout America! God bless you!" Nice,08-13-2016 20:06:38,4621,17388,false,764553771879899137
Twitter for Android,"@need2knowu:  @willspeakout yes you are my hero I admire you for laying down your glorious luxurious life to get beat up for America!!!",08-13-2016 20:03:55,4994,17754,false,764553088204214272
Twitter for Android,We now have confirmation as to one reason Crooked H wanted to be sure that nobody saw her e-mails - PAY-FOR-PLAY. How can she run for Pres.,08-13-2016 20:02:38,12446,32250,false,764552764177481728
Twitter for Android,"@willspeakout: Thank you for all that you are doing for us! You campaign endlessly and have spent millions.We love you! #TrumpTrain" Thanks,08-13-2016 19:39:23,5307,18792,false,764546914683682817
Twitter for Android,I am truly enjoying myself while running for president. The people of our country are amazing - great numbers on November 8th!,08-13-2016 18:39:26,11923,43939,false,764531827168186369
Twitter for Android,The failing @nytimes has become a newspaper of fiction. Their stories about me always quote non-existent unnamed sources. Very dishonest!,08-13-2016 18:29:23,9288,28836,false,764529295901528064
Twitter for iPhone,Will be on @seanhannity tonight at 10pm hosted by @GovMikeHuckabee. Enjoy!,08-13-2016 00:17:38,4127,16268,false,764254551822196737
Twitter for iPhone,Thank you Erie Pennsylvania! Together we will #MakeAmericaGreatAgain! https://t.co/5hZp7PnRoT,08-12-2016 19:48:18,7654,23146,false,764186768522420224
Twitter for iPhone,Unbelievable support in Florida last night - thank you! #MAGA https://t.co/WNDAagFRRS,08-12-2016 17:36:31,7574,23764,false,764153606765412352
Twitter Ads,We need your support to get to the White House and defeat #CrookedHillary. Let's Make America Great Again! https://t.co/AKIHQW4ljd,08-12-2016 17:14:30,2763,11252,false,764148063724183552
Twitter Ads,The Establishment and special interests are absolutely killing our country. We must put #AmericaFirst. https://t.co/mjTScP4sZ2,08-12-2016 17:13:22,1473,4494,false,764147780583436292
Twitter Ads,I'm with YOU. I will work hard and never let you down. Make America Great Again! https://t.co/vzZZ6M5K9t,08-12-2016 17:12:37,2695,10788,false,764147591114137600
Twitter Ads,I'm with YOU! I will work hard and never let you down. Make America Great Again! https://t.co/xI4qjds5fP,08-12-2016 16:12:56,2035,11246,false,764132571638738944
Twitter Ads,The Establishment and special interests are absolutely killing our country.  We must put #AmericaFirst. https://t.co/R751UfHQ0A,08-12-2016 16:09:35,492,2433,false,764131726071214081
Twitter for Android,ISIS gained tremendous strength during Hillary Clinton's term as Secretary of State. When will the dishonest media report the facts!,08-12-2016 13:01:06,15011,38875,false,764084294704697344
Twitter for Android,I love watching these poor pathetic people (pundits) on television working so hard and so seriously to try and figure me out. They can't!,08-12-2016 11:43:43,13561,40964,false,764064821000056832
Twitter for Android,A massive tax increase will be necessary to fund Crooked Hillary Clinton's agenda. What a terrible (and boring) rollout that was yesterday!,08-12-2016 11:07:51,10134,32559,false,764055793951834114
Twitter for Android,"@laurencristmann: Thank you for coming to Pennsylvania today. I will be there with @C_Lynne_Ryan your 3rd CD delegate at 2 pm",08-12-2016 10:57:34,3024,12169,false,764053208394182656
Twitter for Android,Ratings challenged @CNN reports so seriously that I call President Obama (and Clinton) "the founder" of ISIS &amp; MVP. THEY DON'T GET SARCASM?,08-12-2016 10:26:20,7929,24471,false,764045345332396032
Twitter Ads,I'm with YOU. I will work hard and never let you down. Make America Great Again! https://t.co/uHiGJ6Pe3E,08-12-2016 05:16:13,1181,2754,false,763967302433853440
Twitter for Android,"@EnemyWithinn: @realDonaldTrump @elsolarverde @nytimes People gotta stop believing media lies about Trump." That would indeed be nice!,08-12-2016 04:10:25,6757,20941,false,763950742755434498
Twitter for Android,"@elsolarverde: THE CORRUPT MEDIA CREATS CONTROVERSY AGAINST @realDonaldTrump TO AVOID ISSUES ABOUT HillaryClinton https://t.co/RW5UcWLfA8",08-12-2016 04:06:22,11727,27000,false,763949723833118721
Twitter for Android,"@SheriffClarke: https://t.co/G9R9CGhf8q Everything coming from this administration is a lie. Only @realDonaldTrump will change it",08-12-2016 03:59:11,6392,15577,false,763947916184522754
Twitter Ads,I am counting on your help to defeat Hillary Clinton and her cronies. Let's Make America Great Again! https://t.co/fSKOf0Jz9K,08-11-2016 22:10:59,5078,14886,false,763860288533856256
Twitter for iPhone,Will be doing @oreillyfactor tonight at 8pm. Enjoy!,08-11-2016 22:01:30,4042,15970,false,763857902490836992
Twitter for iPhone,This is no surprise. Constant phony reporting from failing @CNN turns everyone off. The American people get it! https://t.co/a1A6XMfYx1,08-11-2016 14:15:40,10881,29951,false,763740672012738561
Twitter for iPhone,Thank you Fort Lauderdale Florida. #MakeAmericaGreatAgain https://t.co/cjivzdRpU1,08-11-2016 02:12:01,6942,22348,false,763558559833591809
Twitter for iPhone,Great job today by the NYPD in protecting the people and saving the climber.,08-11-2016 02:07:07,8239,33325,false,763557327295438848
Twitter for iPhone,Reuters just announced that Secret Service never spoke to me or my campaign. Made up story by @CNN is a hoax. Totally dishonest.,08-10-2016 23:38:15,20687,45128,false,763519861406531584
Twitter for Android,"@DSF2020: Really admire your determination: Working so hard for all Americans n daily having to defend yourself from a biased Media.",08-10-2016 23:36:35,5804,20301,false,763519444576370688
Twitter for iPhone,#MakeAmericaGreatAgain! https://t.co/8rWz6p1Ged,08-10-2016 23:24:51,8837,22002,false,763516489865523200
Twitter for iPhone,Thank you Abingdon Virginia! #MakeAmericaGreatAgain https://t.co/g7ivluiyF2 https://t.co/RQUKD6sjno,08-10-2016 21:07:01,4983,15301,false,763481802254249984
Twitter for iPhone,No such meeting or conversation ever happened - a made up story by "low ratings" @CNN.,08-10-2016 20:49:33,7120,20495,false,763477408909500416
Twitter for iPhone,Great meeting w/ coal miners &amp; leaders from the Virginia coal industry- thank you! #MAGAhttps://t.co/wnpVlq6oe4 https://t.co/32gdX684ew,08-10-2016 20:37:58,7439,21297,false,763474491183816704
Twitter for iPhone,I will be interviewed on @greta tonight at 7pm. Enjoy! https://t.co/9yicUxd87D,08-10-2016 17:54:53,5288,17623,false,763433452893011969
Twitter for iPhone,My thoughts and prayers are with the two police officers shot in Sebastian County Arkansas. #LESM,08-10-2016 17:43:26,10667,31628,false,763430568721784833
Twitter for iPhone,Morning Joe's weakness is its low ratings. I don't watch anymore but I heard he went wild against Rudy Giuliani and #2A - sad &amp; irrelevant!,08-10-2016 15:36:31,6648,21345,false,763398630812311552
Twitter for Android,.@dbongino  You were fantastic in defending both the Second Amendment and me last night on @CNN. Don Lemon is a lightweight - dumb as a rock,08-10-2016 15:08:01,9524,29060,false,763391459110313984
Twitter for Android,"@dbongino: ‘Now cut off my mic!’ Bongino refuses to be bullied by Don Lemon over Trump 2nd Amendment – HEATED! https://t.co/UgtfaUXzcr",08-10-2016 14:43:30,7750,18274,false,763385288295055360
Twitter for iPhone,Media desperate to distract from Clinton's anti-2A stance. I said pro-2A citizens must organize and get out vote to save our Constitution!,08-10-2016 02:21:12,14886,37553,false,763198483927011329
Twitter Web Client,When is the media going to talk about Hillary's policies that have gotten people killed like Libya open borders and maybe her emails?,08-10-2016 01:11:39,20581,51166,false,763180978588221440
Twitter Web Client,Thank you Senator @ChuckGrassley! #TrumpPence16https://t.co/YmdH3fcaeW,08-10-2016 00:18:46,6792,18727,false,763167671974232064
Twitter Web Client,Thank you @SenatorFischer! #TrumpPence16https://t.co/RMtU6aRZTQ,08-10-2016 00:17:28,3502,12190,false,763167345405784064
Twitter Web Client,Thank you Wilmington North Carolina!#MakeAmericaGreatAgain https://t.co/ZnnaSPF5or,08-09-2016 21:07:38,7795,25609,false,763119571309998083
Twitter Web Client,RT @NRA: But there IS something we will do on #ElectionDay: Show up and vote for the #2A! #DefendtheSecond #NeverHillary,08-09-2016 20:49:42,7380,0,true,763115058058629120
Twitter Web Client,RT @NRA: .@RealDonaldTrump is right. If @HillaryClinton gets to pick her anti-#2A #SCOTUS judges there’s nothing we can do. #NeverHillary,08-09-2016 20:49:38,7651,0,true,763115041675706368
Twitter for iPhone,RT @Carl_C_Icahn: 2/2  How many of our presidents even our great presidents would have handled the antics that went on in that auditorium…,08-09-2016 20:15:16,4271,0,true,763106393922600960
Twitter for iPhone,RT @Carl_C_Icahn: 1/2   Believe Trump gave a great speech.,08-09-2016 20:15:14,3405,0,true,763106383092977664
Twitter Ads,Act NOW for your chance to have a private lunch with Eric Trump &amp; tour of campaign HQ at Trump Tower in NYC. https://t.co/RBLII8rIfo,08-09-2016 15:19:21,66,292,false,763031923279081472
Twitter Ads,Act NOW for your chance to have a private lunch with Eric Trump &amp; tour of campaign HQ at Trump Tower in NYC. https://t.co/fwU0jMcB1m,08-09-2016 15:18:46,78,304,false,763031776654598144
Twitter Ads,Act NOW for your chance to have a private lunch with Eric Trump &amp; tour of campaign HQ at Trump Tower in NYC. https://t.co/szAygwbchK,08-09-2016 15:18:18,119,327,false,763031657712455680
Twitter Ads,Act NOW for your chance to have a private lunch with Eric Trump &amp; tour of campaign HQ at Trump Tower in NYC. https://t.co/J3NzuVpruI,08-09-2016 15:09:17,89,239,false,763029388736598016
Twitter Ads,Act NOW for your chance to have a private lunch with Eric Trump &amp; tour of campaign HQ at Trump Tower in NYC.  https://t.co/4ccXAY5ZNo,08-09-2016 15:08:35,143,494,false,763029213406388224
Twitter Ads,Act NOW for your chance to have a private lunch with Eric Trump &amp; tour of campaign HQ at Trump Tower in NYC. https://t.co/dDA0CZWdYF,08-09-2016 15:07:45,91,321,false,763029002910969857
Twitter for Android,"@LinHen23:  @foxandfriends Loved Trump's answers to voters questions this morning! Trump's economic plan will help #MAGA #NeverHillary",08-09-2016 12:02:25,5482,17718,false,762982360853905408
Twitter for Android,"@sprts08: @realDonaldTrump @foxandfriends great interview.....all solid points on our economy TRUMP2016",08-09-2016 12:01:33,3832,13778,false,762982142783676416
Twitter for Android,I am running against the Washington insiders just like I did in the Republican Primaries. These are the people that have made U.S. a mess!,08-09-2016 11:59:25,16334,46233,false,762981606755856384
Twitter for Android,Will be interviewed on @foxandfriends now!,08-09-2016 11:32:43,2181,11380,false,762974889275953152
Twitter for Android,Being in Detroit today was wonderful. Quick stop in Ohio to meet with some of our great supporters. Just got back home!,08-09-2016 02:45:10,5677,25445,false,762842126900015105
Twitter for iPhone,RT @FieldofFight: We Can Do Better We Must Do Better We Will Do Better By LTG (R) Keith Kellogg and LTG (R) Michael Flynn @GenFlynn http…,08-09-2016 01:00:23,4082,0,true,762815755423518720
Twitter for iPhone,'As Senator Clinton promised 200000 jobs in Upstate New York - her efforts fell flat.' https://t.co/I2WqZb5N8P https://t.co/i5S3mtJWpe,08-08-2016 23:18:42,7822,17269,false,762790167732035585
Twitter for iPhone,Many people are saying that the Iranians killed the scientist who helped the U.S. because of Hillary Clinton's hacked emails.,08-08-2016 22:45:33,13139,33251,false,762781826549030912
Twitter for iPhone,Thank you Newt!  https://t.co/Acg0hMvrpr,08-08-2016 22:43:56,8868,24946,false,762781418778791936
Twitter for iPhone,Thank you Congressman Steven Palazzo! https://t.co/R5Z4CGfjqJ https://t.co/XGSIJJQiGJ,08-08-2016 22:27:02,6058,16355,false,762777166476025856
Twitter for iPhone,Thank you Senator David Perdue!https://t.co/d0dCUZ20jf https://t.co/LmfiGByFPb,08-08-2016 22:24:09,6096,15388,false,762776440681095169
Twitter for iPhone,Thank you @RepLouBarletta!https://t.co/bre8u93vac https://t.co/eKtSXUw51R,08-08-2016 22:20:31,4628,13438,false,762775525756514304
Twitter for iPhone,Thank you @NFIB- together we will #MakeAmericaGreatAgain!  https://t.co/wQQIHQKsdK,08-08-2016 22:15:44,4490,13176,false,762774321580367872
Twitter for iPhone,Thank you!  https://t.co/4p0hzpkVWF,08-08-2016 22:12:21,3597,11932,false,762773468479889409
Twitter for iPhone,Thank you Alex!  https://t.co/c2uIa7mndP,08-08-2016 22:06:25,4228,13040,false,762771974657495041
Twitter for iPhone,RT @NFIB: .@NFIB encouraged by @realDonaldTrump’s #taxplan says #smallbiz would benefit from lower tax rate: https://t.co/JCQCvXj9WC,08-08-2016 20:14:57,3304,0,true,762743923697672192
Twitter for Android,My economic policy speech will be carried live at 12:15 P.M. Enjoy!,08-08-2016 15:20:44,5419,21041,false,762669882571980801
Twitter for iPhone,Join me in Fayetteville North Carolina tomorrow evening at 6pm. Tickets now available at: https://t.co/Z80d4MYIg8,08-08-2016 13:28:20,4073,12947,false,762641595439190016
Twitter for iPhone,#ICYMI: "Will Media Apologize to Trump?" https://t.co/ia7rKBmioA,08-08-2016 00:05:54,7996,18992,false,762439658911338496
Twitter for Android,Michael Morell the lightweight former Acting Director of C.I.A. and a man who has made serious bad calls is a total Clinton flunky!,08-07-2016 23:09:08,7653,24140,false,762425371874557952
Twitter for Android,The media is going crazy. They totally distort so many things on purpose. Crimea nuclear "the baby" and so much more. Very dishonest!,08-07-2016 21:31:46,13588,40453,false,762400869858115588
Twitter for iPhone,RT @DRUDGE_REPORT: CLINTON EMAIL LED TO EXECUTION IN IRAN? https://t.co/4rY1faptL6,08-07-2016 21:25:58,8229,0,true,762399410940706816
Twitter for Android,I see where Mayor Stephanie Rawlings-Blake of Baltimore is pushing Crooked hard. Look at the job she has done in Baltimore. She is a joke!,08-07-2016 13:49:29,10715,33096,false,762284533341417472
Twitter for iPhone,Thank you Windham New Hampshire! #TrumpPence16 #MAGA https://t.co/ZL4Q01Q49s,08-07-2016 02:19:37,6119,20261,false,762110918721310721
Twitter for iPhone,.@Larry_Kudlow - 'Donald Trump Is the middle-class growth candidate'https://t.co/YbqkhWNm0g,08-07-2016 02:03:39,8639,20795,false,762106904436961280
Twitter for Android,I am not just running against Crooked Hillary Clinton I am running against the very dishonest and totally biased media - but I will win!,08-07-2016 01:53:45,28086,86560,false,762104411707568128